[
{"Name":"Weare Animal Hospital, Inc. Exotic and Bird Clinic of New Hampshire","Street":"91 North Stark Highway","City":"Weare","State":"NH","Zipcode":"3281"},
{"Name":"Patton Chapel Animal Clinic","Street":"1234 test","City":"Hoover","State":"AL","Zipcode":"12345"},
{"Name":"Arlington Pet Hospital","Street":"1234 test","City":"Arlington","State":"TN","Zipcode":"12345"},
{"Name":"Not Clinic","Street":"1234 test","City":"Evanston","State":"IL","Zipcode":"12345"},
{"Name":"Randolph Animal Hospital","Street":"1435 Zoo Parkway","City":"Asheboro","State":"NC","Zipcode":"27205"},
{"Name":"Willowrun Veterinary Hospital","Street":"1417 South Brightleaf Blvd.","City":"Smithfield","State":"NC","Zipcode":"27577"},
{"Name":"Park Vet Hospital","Street":"735 W NC Hwy 54","City":"Durham","State":"NC","Zipcode":"27713"},
{"Name":"Albemarle Animal Clinic","Street":"1639 NC 24-27 West Bypass","City":"Albemarle","State":"NC","Zipcode":"28001"},
{"Name":"Cabarrus Animal Hospital, Pa","Street":"3030 S. Cannon Blvd","City":"Kannapolis","State":"NC","Zipcode":"28083"},
{"Name":"West Stanly Animal Clinic","Street":"237 Town Centre Drive","City":"Locust","State":"NC","Zipcode":"28097"},
{"Name":"Vetcor Jackson Veterinary Practice, P.A.","Street":"1925 A1A South","City":"St Augustine","State":"FL","Zipcode":"32080"},
{"Name":"FCNMHP - ACPS","Street":"6817 Norwood Ave","City":"Jacksonville","State":"FL","Zipcode":"32208"},
{"Name":"San Juan animal hospital","Street":"4519 San Juan ave","City":"Jacksonville","State":"FL","Zipcode":"32210"},
{"Name":"Coastal Veterinary Hospital","Street":"13431 Beach Blvd","City":"Jacksonville","State":"FL","Zipcode":"32246"},
{"Name":"Deerwood Animal Clinic","Street":"9968 Baymeadows Rd","City":"Jacksonville","State":"Fl","Zipcode":"32256"},
{"Name":"San Jose Beauclerc Animal Hospital","Street":"9319 San Jose Blvd","City":"Jacksonville","State":"Fl","Zipcode":"32257"},
{"Name":"Animal Hospital of Pensacola","Street":"5001 N. 12th Avenue","City":"Pensacola","State":"FL","Zipcode":"32504"},
{"Name":"SVP Safe Harbor","Street":"820 Creighton Rd","City":"Pensacola","State":"FL","Zipcode":"32504"},
{"Name":"Pine Meadow Veterinary Clinic","Street":"550 W Nine Mile Road","City":"Pensacola","State":"FL","Zipcode":"32534"},
{"Name":"Animal Hospital of Tiger Point","Street":"4118 Gulf Breeze Pkwy","City":"Gulf Breeze","State":"FL","Zipcode":"32563"},
{"Name":"Woodbine Animal Clinic","Street":"4263 Woodbine Rd","City":"Pace","State":"FL","Zipcode":"32571"},
{"Name":"Ark Animal Hospital","Street":"3648 Berryhill Rd","City":"Pace","State":"FL","Zipcode":"32571"},
{"Name":"Millhopper Veterinary Medical Center","Street":"4209 NW 37th Place","City":"Gainesville","State":"FL","Zipcode":"32606"},
{"Name":"SVP Shores Animal Hospital","Street":"3717 N.W. 13th Street","City":"GAINESVILLE","State":"FL","Zipcode":"32609"},
{"Name":"Veterinary Medical Clinic & Feline Wellness Center","Street":"4241 Henderson Blvd","City":"Tampa","State":"FL","Zipcode":"33629"},
{"Name":"VCA Lake Wales Veterinary Hospital","Street":"520 Mountain Lake Cutoff Road","City":"Lake Wales","State":"FL","Zipcode":"33859"},
{"Name":"Magnolia Animal Hospital","Street":"2019 N. Magnolia Avenue","City":"Ocala","State":"FL","Zipcode":"34475"},
{"Name":"Animal Medical Center","Street":"1100 Rice Valley Rd. N","City":"Tuscaloosa","State":"AL","Zipcode":"35406"},
{"Name":"Phony Clinic","Street":"1111111 Curvy Road","City":"Franklin","State":"TN","Zipcode":"37064"},
{"Name":"Veterinaria Del Sol","Street":"123 Anywhere Street","City":"Villa Dolores","State":"","Zipcode":"37067"},
{"Name":"RANDA Support","Street":"555 Main","City":"Franklin","State":"TN","Zipcode":"37067"},
{"Name":"EDM Faux Clinic","Street":"5000 Meridian Blvd","City":"Franklin","State":"TN","Zipcode":"37067"},
{"Name":"Reagor pet hospital","Street":"123 Anywhere Street","City":"Carmichael","State":"CA","Zipcode":"37067"},
{"Name":"Mock Up Clinic","Street":"5000 Meridian Boulevard","City":"Franklin","State":"TN","Zipcode":"37067"},
{"Name":"VILLAGE VETERINARY HOSPITAL, LLC","Street":"3578 N MOUNT JULIET ROAD","City":"MOUNT JULIET","State":"TN","Zipcode":"37122"},
{"Name":"Demo Animal Hospital","Street":"123 Nashvegas","City":"Nashville","State":"TN","Zipcode":"37204"},
{"Name":"Arlington Pet Hospital, PLLC","Street":"11065 Highway 70","City":"Arlington","State":"TN","Zipcode":"38002"},
{"Name":"Kelsey Canine Medical Center, LLC","Street":"875 West Poplar","City":"Collierville","State":"TN","Zipcode":"38017"},
{"Name":"Crossroads Animal Hospital","Street":"466 Hwy 6 West","City":"Oxford","State":"MS","Zipcode":"38655"},
{"Name":"NVA Animal Hospital of Orange Grove","Street":"56 53rd St.","City":"Gulfport","State":"MS","Zipcode":"39503"},
{"Name":"Town & Country Veterinary Hospital","Street":"4401 Gautier Vancleave Road","City":"Gautier","State":"MS","Zipcode":"39553"},
{"Name":"Central Kentucky Vet Center","Street":"930 South Broadway","City":"Georgetown","State":"KY","Zipcode":"40324"},
{"Name":"NVA Twin Maples Veterinary Hospital","Street":"3646 Watertower Lane","City":"West Carrollton","State":"OH","Zipcode":"45449"},
{"Name":"Meridian Vet Clinic & Hosp, LLC","Street":"1277 N State Rd 135","City":"Greenwood","State":"IN","Zipcode":"46142"},
{"Name":"Aboite Animal Hospital","Street":"4142 Covington Rd","City":"Fort Wayne","State":"IN","Zipcode":"46804"},
{"Name":"Dupont Veterinary Clinic","Street":"11605 Coldwater Rd.","City":"Fort Wayne","State":"IN","Zipcode":"46845"},
{"Name":"SEYMOUR ANIMAL HOSPITAL PC DRS.  BOBB, PEELMAN, PULLEN & SUNBURY","Street":"5817 W. TIPTON ST.","City":"SEYMOUR","State":"IN","Zipcode":"47274"},
{"Name":"Animal Family Vet Care Center of Paris","Street":"15714 Hwy 150","City":"Paris","State":"IL","Zipcode":"61944"},
{"Name":"CENTRAL HOSPITAL FOR ANIMALS","Street":"695 GIANT CITY ROAD","City":"CARBONDALE","State":"IL","Zipcode":"62902"},
{"Name":"Central Hospital For Animals At Harrisburg","Street":"204 E. Sloan","City":"Harrisburg","State":"IL","Zipcode":"62946"},
{"Name":"CENTRAL HOSPITAL FOR ANIMALS","Street":"300 RUSHING DRIVE","City":"HERRIN","State":"IL","Zipcode":"62948"},
{"Name":"Central Hospital For Animals - Eastside","Street":"1010 East Dickinson","City":"MARION","State":"IL","Zipcode":"62959"},
{"Name":"Ark Animal Hospital","Street":"4211 Jefferson Hwy.","City":"Jefferson","State":"LA","Zipcode":"70121"},
{"Name":"Sherwood South Animal Hospital  Emergency and Critical Care Center","Street":"3803 S Sherwood Forest Blvd","City":"Baton Rouge","State":"LA","Zipcode":"70816"},
{"Name":"Hallsville Veterinary Hospital","Street":"1166 west main","City":"Hallsville","State":"TX","Zipcode":"75650"},
{"Name":"Aledo Vet Clinic","Street":"5188 E. I-20 Service Road South","City":"Willow Park","State":"TX","Zipcode":"76087"},
{"Name":"Belton Small Animal Clinic","Street":"2607 North Main Street","City":"Belton","State":"TX","Zipcode":"76513"},
{"Name":"Belton Veterianry Clinic","Street":"707 West loop 121","City":"Belton","State":"TX","Zipcode":"76513"},
{"Name":"Isom Veterinary Hospital","Street":"1603 Central Texas Expressway","City":"Lampasas","State":"TX","Zipcode":"76550"},
{"Name":"Animal Birth Control Clinic","Street":"3238 Clay Ave.","City":"Waco","State":"TX","Zipcode":"76711"},
{"Name":"Grogan's Mill Pet Clinic","Street":"25206 Grogan's Mill Rd","City":"the woodlands","State":"TX","Zipcode":"77380"},
{"Name":"Panther Creek Pet Clinic","Street":"4775 W. Panther Creek DR","City":"The Woodlands","State":"TX","Zipcode":"77381"},
{"Name":"BR Glenwood Falls Animal Hospital","Street":"12850 Grant Rd","City":"Cypress","State":"TX","Zipcode":"77429"},
{"Name":"Kitty Hawk Animal Hospital","Street":"1534 Kitty Hawk Road","City":"Universal City","State":"TX","Zipcode":"78148"},
{"Name":"Schertz Animal Hospital","Street":"1350 FM 78","City":"Schertz","State":"TX","Zipcode":"78154"},
{"Name":"Affordable Pet Care Basse","Street":"1362 Basse Rd.","City":"San Antonio","State":"TX","Zipcode":"78212"},
{"Name":"Affordable Pet Care NW","Street":"5443 Grissom Road","City":"San Antonio","State":"TX","Zipcode":"78238"},
{"Name":"VVC The Animal Hospital of Padre Island","Street":"14802 Compass St.","City":"Corpus Christi","State":"TX","Zipcode":"78418"},
{"Name":"Highway 29 Veterinary Hospital","Street":"3500 East State Hwy 29","City":"Bertram","State":"TX","Zipcode":"78605"},
{"Name":"Premier Animal Hospital","Street":"3651 E. Whitestone Blvd","City":"Cedar Park","State":"TX","Zipcode":"78613"},
{"Name":"Affordable Pet Care","Street":"2301 S Lakeline","City":"Cedar Park","State":"TX","Zipcode":"78613"},
{"Name":"Cedar Park Animal Clinic","Street":"119 N Bell","City":"Cedar Park","State":"TX","Zipcode":"78613"},
{"Name":"NVA Great Oaks Animal Hospital","Street":"15950 Great Oaks Drive","City":"Round Rock","State":"TX","Zipcode":"78681"},
{"Name":"NVA Austin Vet Hospital","Street":"4701 N. I H 35","City":"Austin","State":"TX","Zipcode":"78722"},
{"Name":"Griffith Small Animal Hospital","Street":"3407 Northland Drive","City":"Austin","State":"TX","Zipcode":"78731"},
{"Name":"Capital Veterinary Clinic","Street":"4800 South Congress Ave.","City":"Austin","State":"TX","Zipcode":"78745"},
{"Name":"NVA Hill Country Animal Hospital","Street":"7023 Bee Cave Road","City":"Austin","State":"TX","Zipcode":"78746"},
{"Name":"Anderson Mill Animal Clinic","Street":"13542 Research Blvd","City":"Austin","State":"TX","Zipcode":"78750"},
{"Name":"Sunset Cliffs Animal Hospital","Street":"4862 Santa Monica Ave","City":"San Diego","State":"CA","Zipcode":"92107"},
{"Name":"Alicia Petcare","Street":"25800 Jeronimo Rd Ste 100","City":"Mission Viejo","State":"CA","Zipcode":"92691"},
{"Name":"Reed Animal Hospital","Street":"1657 S Bascom Ave","City":"Campbell","State":"CA","Zipcode":"95008"},
{"Name":"Reagor Pet Hospital","Street":"2513 Walnut Ave","City":"Carmichael","State":"CA","Zipcode":"95608"},
{"Name":"Waipahu Waikele Pet Hospital","Street":"94-485 Koaki Street","City":"Waipahu","State":"HI","Zipcode":"96797"},
{"Name":"Williamson County Animal Hospital","Street":"1126 Murfreesboro Road","City":"Franklin","State":"TN","Zipcode":"37064-3007"},
{"Name":"Williamson County Animal Hospital","Street":"1126 Murfreesboro Road","City":"Franklin","State":"TN","Zipcode":"37064-3007"},
{"Name":"WEST ALABAMA ANIMAL CLINIC","Street":"2030 WEST ALABAMA","City":"HOUSTON","State":"TX","Zipcode":"77098-1394"},
{"Name":"Arguello Pet Hospital","Street":"530 Arguello Blvd","City":"San Francisco","State":"CA","Zipcode":"94118-3203"},
{"Name":"El Gato Veterinary Hospital www.elgatovet.com","Street":"15748 Los Gatos Blvd.","City":"Los Gatos","State":"CA","Zipcode":"95032-2508"},
{"Name":"Vetcor Camden Pet Hospital","Street":"4960 Camden Avenue","City":"San Jose","State":"CA","Zipcode":"95124-5798"},
{"Name":"ClinicName","Street":"Street1","City":"City","State":"StateProvince","Zipcode":"PostalCode"},
{"Name":"Cl�na Veterinaria Del Sol","Street":"","City":"Villa Dolores","State":"","Zipcode":""}
,
{"Name":"Brentwood Veterinary Hospital","Street":"","City":"Brentwood","State":"CA","Zipcode":""},
{"Name":"Mueller Pet Medical Center","Street":"","City":"Sacramento","State":"CA","Zipcode":""},
{"Name":"East State Veterinary Clinic","Street":"","City":"Fort Wayne","State":"IN","Zipcode":""},
{"Name":"El Gato veterinary hospital","Street":"","City":"Los gatos","State":"CA","Zipcode":""}
]
